gloss,pos,rel,lemma,var,pron2
var. ape 1,adv. dem. dist.,,aape,1.0,
var. ape 2,adv. conj.,,aape,2.0,
var. ape 3,adv. temp.,,aape,3.0,
abençoar,v.,,abensuári,,
"avô, vovô",s.,,abú,,
expressa diversos sentimentos,interj.,,adí,,
"1. ele, ela; 2. o, a (pron. obj.)",pron. / pron. dem. dist. não-flex.,,aé,,
expressa diversos sentimentos,interj.,,ah,,
logo,adv. temp.,,aikwentu,,
expressa existência,part. exist.,,aikwé,,
1. eles(as); 2. deles(as); 3. índice de indeterminação do sujeito,pron. / pron. 2ª cl.,,aintá,,
preguiça (bicho),s.,,aí,,
"ele(a) mesmo, isso mesmo",pron. enf.,,aité,,
ruim,v. 2ª cl.,,aíwa,1.0,se
ruim,adj.,,aíwa,2.0,
var. aiwana,adv. temp.,,aiwã,,
logo; então,adv. temp.,,aiwana,,
"(ser ou estar) louco, doido",v. 2ª cl. / adj.,,akangaíma,,se
louco,s. / adj.,,akangaíwa,,
1. ter preguiça; 2. (ser) preguiçoso; 3. preguiçoso; 4. preguiça,v. 2ª cl. / adj. / s.,,atiima,,se
var. atiima,v. 2ª cl. / adj. / s.,,ateíma,,se
var. atiima,v. 2ª cl. / adj. / s.,,atima,,se
loucura,s.,,akangaiwasawa,,
cabeça,s.,,akanga,,
var. kangatara,s.,,akangatara,,
assustar-se,v. 2ª cl.,,akanhemu,,se
tipo de peixe,s.,,akará,,
"acari, nome de uma árvore",s.,,akarí,,
var. wakarí,s.,,akarí,,
caju,s.,,akayú,1.0,
ano,s.,,akayú,2.0,
cajual,s.,,akayutiwa,,
para lá; por ali,adv. dem. dist.,,akití,,
tipo de esquilo,s.,,akutipurú,,
cotia,s.,,akutí,,
há muito tempo; antigamente,adv. temp.,,akwera,,
chuva,s.,,amana,,
tempestade,s.,,amanawasú,,
algodão,s.,,amaniú,,
"finado, falecido",s.,,ambira,,
"para outro lugar, para algum lugar",adv. loc.,,amukití,,
"outro, -a",pron. indef.,,amú,,
"alguns, uma parte (de) [...] (Avila 2021)",pron. indef.,,setaíra,,
"CAETÊ, mata, floresta virgem da terra firme [...] (Avila 2021)",s.,,kaaeté,,
às vezes,adv. temp.,,amuramé,,
irmã (de mulher),s.,,amũ,,
estrangeiro,s. / adj.,,amú-tetamawara,,
depois de amanhã,adv. temp.,,amú-wirandé,,
1. família; 2. parente; familiar,s.,,anama,,
var. wana,part. perf.,,ana,,
morcego,s.,,andirá,,
var. yandirawa,s.,,andirawa,,
sombra,s.,,anga,,
var. nhũ,adv.,,anhũ,,
var. anhuntẽ,adv.,,anhuantẽ,,
sozinho,adj.,,anhuíra,,
"só, somente",adv.,,anhuntẽ,,
var. anhuntẽ,adv.,,anhunté,,
"1. torto; 2. camboto, de pernas tortas",v. 2ª cl.,,apara,,se
var. wana,part. perf.,,ã,,
"ali, lá",adv. dem. dist.,,ape,1.0,
"então, portanto",adv. conj.,,ape,2.0,
"aí, então, nesse momento",adv. temp.,,ape,3.0,
distante,adj.,,apekatú,,
longe,adv. loc.,,apekatú,,
estrangeiro,s. / adj.,,apekatuwara,,
língua (o órgão do corpo),s.,,apekú,,
(o) que é de lá,s. / adj.,,apewara,,
var. apigawa,s. / adj.,,apigá,,
macho,adj.,,apigawa,,
homem,s.,,apigawa,,
cabeceira,s.,,apira,,
orifício do ouvido,s.,,apisá-kwara,,
ouvido,s.,,apisá,,
morf. núm.-pess. de 1ª pess. sing.,pref.,,a-,,
var. a-,pref.,,ha-,,
var. hist. a-,pref.,,xa-,,
"redondo, oval",v. 2ª cl.,,apuã,,se
remo,s.,,apukuitawa,,
"(estar ou tornar-se) cheio, saciado",v. 2ª cl.,,apú,,se
var. apuã,v. 2ª cl.,,apwã,,se
dia,s.,,ara,1.0,
mundo,s.,,ara,2.0,
tempo,s.,,ara,3.0,
expressa diversos sentimentos,interj.,,araã,,
expressa o futuro nominal,part. fut.,,arama,1.0,
para (1ª e 2ª pess.),posp.,,arama,2.0,
expressa finalidade ou intenção,sconj.,,arama,3.0,
como,posp.,,arama,4.0,
nesse momento; então,adv. temp. / adv. conj.,,aramé,,
imediatamente,adv. temp.,,aramenhuntu,,
var. arama,part. fut. / posp. / sconj.,,arã,,
pica-pau,s.,,arapasu,,
violão,s.,,ararapewa,,
arara,s.,,arara,,
por cima de,posp.,,ararupí,,
araçá,s.,,arasá,,
estar triste,v. 2ª cl.,,arasí,,
"vivente, que está no mundo",adj.,,arawara,,
o que é do mundo,s.,,arawara,,
"por isso, por causa disso",adv. conj.,,aresé,,
avó,s.,,aria,,
avó,s.,,aría,,
var. ariramba,s.,,arirambá,,
var. warirambá,s.,,ariramba,,
"depois, mais tarde",adv. temp.,,ariré,,
var. ariré,adv. temp.,,arirí,,
"1) costela; 2) lado; 3) beira, beirada",s.,,arukanga,,
por lá,adv. loc.,,arupí,,
forma locativa de ara,s. loc.,,árupi,,
tipo de sapo,s.,,arú,,
depois,adv. temp.,,asuí,1.0,
e (conecta orações),cconj.,,asuí,2.0,
daí,adv. loc.,,asuí,3.0,
"expressa o aumentativo: -ão, -ona, grande",suf.,,-asú,,
até,prep. / sconj. pré.,,até,1.0,
var. adí,interj.,,até,2.0,
valente,v. 2ª cl.,,awaeté,,se
perigoso,v. 2ª cl.,,awaité,,se
1. alguém; quem (na afirm.); 2. ninguém (na negativa),pron. indef.,,awá,,
quem? qual? ● awá irũmu? - com quem?,pron. interr.,,awá,,
quem,pron. rel. livre,,awá,,
cabelo,s.,,awa,,
arroz,s.,,awatií,,
milho,s.,,awatí,,
var.asuí,adv. temp. / adv. loc. / cconj.,,axií,,
var. adí,interj.,,axí,,
pescoço,s.,,ayura,,
asiático,n.,,aziawara,,
"baniwa, nome de grupo étnico e de língua do rio Negro",s.,,baniwa,,
expressa protestivo,part. prot.,,ba,,
nome de grupo étnico e de língua do rio Negro,s.,,baré,,
tipo de pássaro,s.,,bitiru,,
1. grande; 2. abundante,adj.,,bũa,,
muito,pron. quant.,,bũa,,
tripa; buxo,s.,,buxu,,
cobra,s.,,buya,,
"dabucuri, tipo de cerimônia",s.,,dabukurí,,
1. panela de barro; 2. prato,s.,,darapí,,
"desana, nome de grupo étnico e de língua da bacia do rio Negro",s.,,desana,,
dinheiro,s.,,dinheru,,
sim,part. afirm.,,eẽ,,
expressa diversos sentimentos,interj.,,eh,,
var. inú,v.,,enú,,
certo! de acordo!,part. cons.,,eré,,
1. legítimo; 2. digno,adj.,,eté,,
muito,adv. intens.,,eté,,
"engano, mentira",s.,,gananisawa,,
enganar,v.,,ganani,,
proa,s.,,gantĩ,,
"onda, banzeiro, marola, maresia",s.,,gapenú,,
cabeceira de um curso de água; alto curso de rio ou igarapé [...] (Avila 2021),s.,,gapira,,
forma locativa de gapira,s. loc.,,gapírupi,,
garapa,s.,,garapa,,
var. garapawa,s.,,garapá,,
porto,s.,,garapawa,,
var. igarapé,s.,,garapé,,
"gostar de, amar",v.,,gustari,,
e,cconj.,,i,,
proeiro,s.,,igantiwa,,
var. gapira,s.,,igapira,,
"igarapé, canal fluvial da bacia amazônica",s.,,igarapé,,
canoa,s.,,igara,,
cabo (lit. corda de canoa),s.,,igara-xama,,
barco; embarcação de maior tamanho,s.,,igarité,,
tipo de pote,s.,,igasawa,,
água,s.,,ií,,
aqui,adv. dem. prox.,,iké,,
"(o) que é daqui, (o) habitante daqui, (o) originário daqui",s. / adj.,,ikewara,,
grilo,s.,,ikiyú,,
estar,aux. flex. pós. / cop. / v.,,ikú,,
estar quieto; ficar quieto,v.,,ikuntu,,
demorar,v. / v. 3ª cl.,,ikupukú,,
"sem, ausência de, falta de, não",suf.,,-íma,,
var. mirá,s.,,imirá,,
tipo de ave,s.,,inambú,,
tipo de palmeira,s.,,inayá,,
tipo de ave,s.,,inayé,,
1. tu; 2. te (pron. obj.),pron.,,indé,,
"a ti, para ti",pron. dat.,,indéu,,
var. nema,adj.,,inema,,
var. nemasawa,s.,,inemasá,,
var. nemasawa,s.,,inemasawa,,
var. indé,pron.,,iné,,
var. indéu,pron. dat.,,inéu,,
fio,s.,,inimbú,,
var. inimbú,s.,,inimú,,
var. ti,part. neg.,,intí,,
pôr,v.,,inú,,
nome de uma planta alucinógena,s.,,ipadú,,
lago,s.,,ipawa,,
pato,s.,,ipeka,,
casa de armas,s.,,ipisarinõ,,
"1. ele (a); 2. seu, sua, dele(-a)",pron. 2ª cl.,,i,,
var. pu,part. assum.,,ipú,,
breu,s.,,iraití,,
mel,s.,,ira,,
copo,s.,,irirú,,
companheiro,s.,,irumuára,,
com,posp. / sconj.,,irumu,,
var. irumu,posp. / sconj.,,irũmu,,
quatro,num. card.,,irundí,,
var. irumu,posp. / sconj.,,irũ,,
frio,s. / adj.,,irusanga,,
var. irusanga,s. / adj.,,iruisanga,,
var. irusanga,s. / adj.,,irusã,,
var. irusanga,s. / adj.,,rusã,,
resina,s.,,isika,,
ter sede,v. 2ª cl.,,isí,,se
expressa o diminutivo: -inho(-a),suf.,,-í,,
vez,s.,,í,,
aço,s.,,itaité,,
pia de pedra,s.,,itakamutí,,
"buraco em pedra; gruta, caverna",s.,,itakwara,,
preço,s.,,itapewa,,
pedra,s.,,itá,,
desinência de plural,suf.,,-itá,,
var. eté,adj. / adv. intens.,,ité,,
habitante do céu; celestial,s. / adj.,,iwakapura,,
céu,s.,,iwaka,,
tipo de palmeira,s.,,iwakawa-iwa,,
"celestial, (o) que é do céu",s. / adj.,,iwakawara,,
fruta,s.,,iwá,,
"pé (de planta), planta; pau, árvore",s.,,iwa,,
planta; pé de planta,s.,,íwa,,
difícil,adj.,,iwasú,,
dificilmente,adv. man.,,iwasú,,
fácil,adj.,,iwasuíma,,
facilmente,adv. man.,,iwasuíma,,
dificilmente,adv. man.,,iwasuwara,,
alto,s. / adj. / adv. loc.,,iwaté,,
praia,s.,,iwikuí,,
cova,s.,,iwikwara,,
cal,s.,,iwí-murutinga,,
ralador,s.,,iwisé,,
"terra, chão",s.,,iwí,,
"montanha, morro, monte; serra",s.,,iwitera,,
terra firme,s.,,iwité,,
vento,s.,,iwitú,,
1. eu; 2. me (pron. obj.),pron.,,ixé,,
"a mim, para mim",pron. dat.,,ixéu,,
fruta,s.,,iyá,1.0,
frutificar,v. 3ª cl.,,iyá,2.0,
var. iyá,s.,,iyaá,1.0,
var. iyá,v. 3ª cl.,,iyaá,2.0,
machado,s.,,jí,,
tipo de planta,s.,,kaapí,,
(o) que vive no mato; silvestre,s. / adj.,,kaapura,,
1. mato; 2. folha; 3. planta,s.,,kaá,,
defecar,v.,,kaá,,
silvestre; (o) que é da mata,s. / adj.,,kaawara,,
var. kanhemu,v.,,kaíma,,
curral,s.,,kaisara,,
(ser ou estar) fino,v. 2ª cl.,,kaí,,se
queimar,v.,,kái,,
cacuri,s.,,kakurí,,
camarada,s.,,kamarara,,
leite,s.,,kambí,,
apertar,v.,,kamirika,,
camisa,s.,,kamixá,,
caçador,s.,,kamundusara,,
caçar,v.,,kamundú,,
var. kamundú,v.,,kamunú,,
1. panela de barro; 2. pote,s.,,kamutí,,
cana-de-açúcar,s.,,kana,,
candiru (tipo de peixe),s.,,kandirú,,
cocar,s.,,kangatara,,
sumir; desaparecer,v.,,kanhemu,,
var. kanhemu,v.,,kanhimu,,
"capim, erva",s.,,kapiĩ,,
"carpir, roçar",v.,,kapiri,,
var. kaapí,s.,,kapí,,
var. kapiĩ,s.,,kapĩ,,
arranhar,v.,,karãi,,
cará,s.,,kará,,
tipo de ave,s.,,karã,,
var. karã,s.,,karáu,,
var. karã,s.,,karãu,,
zarabatana,s.,,karawatana,,
planta,s.,,karayurú,,
var. karurú,s.,,karirú,,
"mandar, ordenar",v. suf. / aux. não-flex.,,kari,,
"homem branco, não índio ● kariwa nheenga - língua portuguesa",s.,,kariwa,,
ter reumatismo,v. 2ª cl.,,karuára,,se
tarde,s.,,karuka,,
caruru,s.,,karurú,,
"caroço, semente",s.,,karusu,,
dar o bote (em),v.,,karú,,
balançar; mover-se,v.,,kataka,,
bom,adj.,,katú,,
bem,adv. intens. / adv. man.,,katú,,
até,part. foco,,katú,,
bondade,s.,,katusawa,,
bom,v. 2ª cl.,,katú,,se
ser ou estar encantado,v.,,kausaisú,,
embriagar-se,v.,,kaú,,
"embriagar-se, ficar bêbado",v.,,kaú,,
cavalo,s.,,kawarú,,
vespa,s.,,kawa,,
bêbado,s.,,kawera,,
"osso, espinha",s.,,kãwera,,
"pinga, aguardente",s.,,kawĩ,,
caboclo,s.,,kawoka,,
caxiri (tipo de bebida),s.,,kaxirí,,
var. kaxuwera,s.,,kaxiwera,,
cachoeira,s.,,kaxuwera,,
aqui,adv. dem. prox.,,ké,,
"guerra, batalha, luta",s.,,kera,,
var. kérupi,v. 2ª cl.,,kerpi,,se
sonhar,v. 2ª cl.,,kérupi,,se
var. ké,adv. dem. prox.,,kí,,
"sujeira, mancha",s.,,kiasawa,,
sujo,v. 2ª cl.,,kiá,,se
pimenta,s.,,kiinha,,
var. ort. kiinha,s.,,kiínha,,
gordo,v. 2ª cl.,,kirá,,se
var. kirimbawa,v. 2ª cl. / adv. man. / adj.,,kirimáu,,se
var. kirimbawa,v. 2ª cl. / adv. man. / adj.,,kirimawa,,se
var. kirimbawa,v. 2ª cl. / adv. man. / adj.,,kirimbá,,se
var. kirimbawa,v. 2ª cl. / adv. man. / adj.,,kirimbáu,,se
valente(mente); forte(mente),v. 2ª cl. / adv. man. / adj.,,kirimbawa,,se
"valentia, força ● kirimbasawa rupí - valentemente, com valentia etc.",s.,,kirimbawasawa,,
var. kirimbawasawa,s.,,kirimasawa,,
var. kirimbawasawa,s.,,kirimawasawa,,
var. kirimbawasawa,s.,,kirimbasá,,
var. kirimbawasawa,s.,,kirimbasawa,,
var. kirimbawasawa,s.,,kirimbasawa,,
var. kirimbawasawa,s.,,kirimbawasá,,
calado,adj.,,kirirí,,
silêncio,s.,,kirirí,,
calar-se; estar ou ficar calado,v.,,kirirí,,
dormida; dormitório,s.,,kirisawa,,
dormir,v.,,kiri,,
rede de dormir,s.,,kisawa,,
faca,s.,,kisé,,
ralado,adj.,,kitika,,
o(a) que rala,s.,,kitikasara,,
ralar,v.,,kitika,,
1. para (fal. de lugar); 2. pode indicar localização vaga: para os lados de,posp.,,kití,,
var. kiwawa,s.,,kiwá,,
pente,s.,,kiwawa,,
irmão (de m.),s.,,kiwira,,
var. ort. kiwira,s.,,kiwíra,,
manhã,s.,,kuẽma,1.0,
amanhecer (só se conjuga na 3ª pess.: i kwema) (impess.),v. 2ª cl.,,kuẽma,2.0,se
aurora,s.,,kuẽma-piranga,,
"cedo, ao amanhecer",adv. temp.,,kuemeté,,
tipo de clava,s.,,kuidarú,,
agora,adv. temp.,,kuíri,,
"1. entretanto; 2. enfim, então",adv. mod. / adv. temp.,,kuité,,
"coivara, técnica indígena de plantio",s.,,kuiwara,,
cair,v.,,kukúi,,
tipo de árvore,s.,,kukura,,
capoeira,s.,,kukwera,,
"cumaí, nome de uma árvore",s.,,kumaíwa,,
feijão,s.,,kumandamirĩ,,
var. kumaíwa,s.,,kumã,,
compadre,s.,,kumpa,,
tipo de anfíbio,s.,,kunawarú,,
sobrinho,s.,,kunhambira,,
moça,s. / adj.,,kunhamukú,,
var. kunhamukú,s. / adj.,,kunhãmukú,,
mulher,s.,,kunhã,,
mulherengo,s. / adj.,,kunhãwara,,
conhecer,v.,,kunheseri,,
falar,v.,,kuntari,,
var. kurí,part. fut.,,ku,,
costas ● (loc. posp.) kupé upé - atrás de,s.,,kupé,,
var. kupĩ,s.,,kupií,,
var. kupĩ,s.,,kupiĩ,,
1) ato de ou efeito de roçar; 2) lugar roçado,s.,,kupirisawa,,
"carpir, roçar",v.,,kupiri,,
"cupim, tipo de inseto",s.,,kupĩ,,
var. kupixawa,s.,,kupixá,,
roça,s.,,kupixawa,,
"cupuaçu, nome de uma fruta",s.,,kupuasú,,
seta envenenada com curare,s.,,kurabí,,
verão,s.,,kurasí-ara,,
sol,s.,,kurasí,,
logo,adv. temp.,,kurimirĩ,,
1. logo; 2. expressa o futuro,part. fut.,,kurí,,
var. kurutẽi,adv. man.,,kuritẽi,,
var. kurutẽiwara,adj. / adv. man.,,kuritẽiwara,,
"CURUATÁ, invólucro das flores das palmeiras [...] (Avila 2021)",s.,,kuruatá,,
var. kurimirĩ,adv. temp.,,kurumirĩ,,
menino,s.,,kurumĩ,,
"rapaz, moço",s.,,kurumiwasú,,
"rapaz, moço",s.,,kurumĩwasú,,
pode ser que,adv. conj.,,kurumú,,
secar; enxugar [...] (Avila 2021),v.,,mutikanga,,
var. mutikanga,v.,,mutikã,,
"1) gerar, fazer gerar-se 2) fazer crescer, fazer desenvolver-se; fazer reproduzir-se [...] (Avila 2021)",v.,,muyumunhã,,
var. kurũ,sconj. pré.,,kurumú,,
curupira,s.,,kurupira,,
sapo,s.,,kururú,,
senão,sconj. pré.,,kurũ,,
menino,s.,,kuru,,
depressa,adv. man.,,kurutẽi,,
veloz,adj.,,kurutẽiwara,1.0,
rapidamente,adv. man.,,kurutẽiwara,2.0,
var. de xukúi,part. pres.,,kusukúi,,
frequentemente,adv. temp.,,kutakutara,,
"rápido, rapidamente",adv. man.,,kutara,,
var. kuité,adv. mod. / adv. temp.,,kuté,,
"espetar, cutucar, furar",v.,,kutuka,,
"antigamente, outrora",adv. temp.,,kuxiima,,
var. ort. kuxiima,adv. temp.,,kuxiíma,,
antigo,s. / adj.,,kuxiimawara,,
"antepassado, (o) que é antigo",s. / adj.,,kuximawara,,
var. kuxiimawara,s. / adj.,,kuximawara,,
cuia,s.,,kuya,,
tipo de ave,s.,,kuyubí,,
"este, esta, isto; esse, essa, isso",pron. dem. prox.,,kwá,1.0,
"aqui, cá (com posp.): kwá suí - daqui; kwá kití - para cá; kwá rupí - por aqui",adv. dem. prox.,,kwá,2.0,
var. kwá,pron. dem. prox. / adv. dem. prox.,,kwaá,,
pequeno;,adj.,,kwaíra,,
"poucos(as), pouco(a), um pouco de",pron. quant.,,kwaíra,,
"buraco, cavidade; furo ● kwara upé - dentro de; kwara suí - de dentro de",s.,,kwara,,
var. kurasí,s.,,kwarasí,,
var. kwausawa,s.,,kwasá,,
var. kwausawa,s.,,kwasawa,,
quati,s.,,kwatí,,
segredo,s.,,kwatukasawa,,
var. kwausawa,s.,,kwausá,,
"1) sabedoria, conhecimento; 2) poder",s.,,kwausawa,,
"1. saber; 2. poder, ser capaz de; 3. dever",v. / aux. não-flex.,,kwáu,,
var. kwáu,v. / aux. não-flex.,,kwá,,
var. kwausawa,s.,,kwawasá,,
var. kwausawa,s.,,kwawasawa,,
var. kwáu,v.,,kwawa,,
var. kwayé,adv. man.,,kwayawé,,
assim,adv. man.,,kwayé,,
1) só assim; 2) perto; 3) quase,adv. man.,,kwayentu,,
obrigado! ● kwekatú reté! - muito obrigado!,adj.,,kwekatú,1.0,
1. saudação; 2. recado,s.,,kwekatú,2.0,
var. kuẽma,s.,,kwema,1.0,
var. kuẽma,v. 2ª cl.,,kwema,2.0,se
de manhã cedo; bem cedo,adv. temp.,,kwemaité,,
var. kuemeté,adv. temp.,,kwemeté,,
"que foi, passado, morto, finado, ex-, que “já era”",adj.,,kwera,1.0,
expressa pretérito,part. pret.,,kwera,2.0,
resquício,s.,,kwera,3.0,
cansado,v. 2ª cl.,,kweré,,se
ontem,adv. temp.,,kwesé,,
recentemente,adv. temp.,,kwesentu,,
1. que? o que? 2. qual?,pron. interr.,,maã,1.0,
"1. aquilo que, o que; 2. (na neg.) nada",pron. indef. / pron. rel. livre,,maã,2.0,
"coisa ● maã aíwa - coisa ruim, i.e., o diabo",s.,,maã,3.0,
"ver, olhar",v.,,maã,4.0,
expressa o condicional,part. cond.,,maã,5.0,
"mas, entretanto, no entanto, contudo",adv. conj. opos.,,ma,,
espiar,v.,,maãĩ,,
1. algo; alguma coisa; 2. (na negativa) nada,pron. indef.,,maãnungara,,
nada,pron. indef.,,maanungara,,
"porque, pois, visto que",sconj. pré.,,maãresé,,
doença,s.,,maasí,,
doente,s. / adj.,,maasiwera,,
rico,s. / adj.,,maãsiyara,,
"mas, porém",cconj.,,ma,,
quando? ● té mairamé - até quando?,adv. interr. temp.,,mairamé,1.0,
quando,sconj. pré.,,mairamé,2.0,
nunca,adv. ind. temp.,,mairamé,3.0,
quando (o momento que),adv. rel. temp.,,mairamé,4.0,
cidade,s.,,mairí,,
mamãe,s.,,maĩ,,
como?,adv. interr. man.,,maita,,
pensar,v.,,maité,,
tipo de ser sobrenatural,s.,,maíwa,,
macaco,s.,,makaka,,
var. makaka,s.,,makaku,,
macaxera,s.,,makaxera,,
rede,s.,,makira,,
1. (interr.) - aonde? para onde? 2. (afirm.) - aonde 3. (neg.) - para lugar nenhum,adv. interr. loc. / adv. rel. loc. / adv. ind. loc.,,makití,,
marrom,s. / adj.,,maku,,
"macu, nome de grupo indígena",s.,,makú,,
maloca,s.,,maluka,,
enrolar,v.,,mamana,,
mamãe,s.,,mamá,,
tipo de peixe,s.,,mamayakú,,
onde?,adv. interr. loc./ adv. rel. loc.,,mamé,,
"1. só onde, onde apenas, só aonde; 2. em qualquer lugar; em toda parte",adv. loc.,,mamentu,,
"manao, etnia indígena",s.,,manáu,,
"manawara, habitante ou natural de Manaus",s.,,manawara,,
var. manduarisawa,s.,,manduarisá,,
1. lembrança; 2. pensamento,s.,,manduarisawa,,
1. lembrar; 2. pensar,v.,,manduári,,
var. manduári,v.,,mandwari,,
maguari,s.,,manguarí,,
"vigiar, guardar, velar",v.,,manhana,,
mãe,s.,,manha,,
mandioca,s.,,maniáka,,
var. ort. maniáka,s.,,maniaka,,
"maniva, pé de mandioca",s.,,maniiwa,,
"manipueira, manicuera, o líquido que sai da massa da mandioca depois que é prensada no tipiti",s.,,manikwera,,
tipo de formiga,s.,,maniwara,,
var. maniiwa,s.,,maniwa,,
mandiocal,s.,,maniwatiwa,,
manteiga,s.,,mantega,,
1. algo; alguma coisa; 2. (na negativa) nada,pron. indef.,,manungara,,
morte,s.,,manusawa,,
morrer,v.,,manú,,
var. marama,adv. interr. caus.,,marã,,
pobreza,s.,,pirasuasawa,,
var. pirasuasawa,s.,,pirasuasá,,
cansado,adj.,,maraari,,
"estar cansado, cansar-se",v. 2ª cl.,,maraari,,se
"feitiço, veneno",s.,,marakaimbara,,
maracá,s.,,maraká,,
por quê? para quê?,adv. interr. caus.,,marama,,
guerreiro,s.,,maramunhangara,,
brigar,v.,,maramunha,,
var. maramunha,v.,,maramunhã,,
"lenda; história, fábula",s.,,marandúa,,
var. ort. marandúa,s.,,marandua,,
por quê?,adv. interr.,,marantaá,,
barriga,s.,,marika,,
var. umarí,s.,,marí,,
var. maluka,s.,,maruka,,
1. (interr.) por onde? 2. (afirm.) por onde 3. (neg.) por lugar nenhum,adv. interr. loc. / adv. rel. loc. / adv. ind. loc.,,marupí,,
"sortudo, (o) que tem sorte no amor, nas caçadas, nas pescarias etc.",s. / adj.,,marupiara,,
tipo de árvore,s.,,masariku-iwa,,
1) tipo de ave; 2) tipo de instrumento de cozinha,s.,,masariku,,
var. maasí,s.,,masí,,
var. maasiwera,s. / adj.,,masiwera,,
1. (interr.) de onde? 2. (afirm.) de onde; donde 3. (neg.) de lugar nenhum,adv. interr. loc./ adv. rel. loc. / adv. ind. loc.,,masuí,,
tipo de farinha de mandioca,s.,,masuka,,
matapi,s.,,matapí,,
var. mbaú,v.,,maú,,
tipo de flauta,s.,,mawaku,,
var. de manguarí,s.,,mawarí,,
leproso,s. / adj.,,maxí,,
empurrar,v.,,mayana,,
var. mayé,sconj. pré. / adv. interr. man. / adv. rel. man.,,mayawé,,
como?,adv. interr. man.,,mayé,1.0,
"como, da mesma forma que",sconj. pré.,,mayé,2.0,
assim,adv. rel. man.,,mayé,3.0,
"como, segundo o que, conforme",sconj. pré.,,mayepé,,
var. mayesawa,s. / adv. interr. man.,,mayesá,,
"maneira, forma",s.,,mayesawa,1.0,
o que significa; por que,adv. interr. man.,,mayesawa,2.0,
var. miyuí,s.,,mayuí,,
majuba,s.,,mayuwa,,
var. mumbaka,v.,,mbaka,,
comer,v.,,mbaú,,
var. mumbawa,v.,,mbá,,
var. mumbawa,v.,,mbawa,,
var. mumbeú,v.,,mbeú,,
gerar,v.,,mbirari,,
var. membira,s.,,mbira,,
professor,s.,,mbuesara,,
lição; ensinamento; explicação ● mbuesawa ruka (s.) - escola,s.,,mbuesawa,,
ensinar,v.,,mbué,,
"rachar, fender, partir, rasgar; dividir",v.,,mbuí,,
"pôr, colocar, botar",v.,,mburi,,
vendedor,s.,,meẽsara,,
dar,v.,,meẽ,,
mole,s. / adj.,,membeka,,
"(ser, estar ou ficar) mole, molenga, brando, tenro, sem consistência",v. 2ª cl.,,membeka,,se
parir,v.,,membirari,,
"1. filho ou filha (de mulher); 2. filhote, cria (de animal)",s.,,membira,,
flauta,s.,,membí,,
cozinheiro,s.,,memũingara,,
fogão,s.,,memũitawa,,
cozinha,s.,,memũitendawa,,
"cozer, cozinhar",v.,,memúi,,
var. memúi,v.,,memũi,,
var. mendasara,s. / adj.,,menasara,,
marido,s.,,mena,,
casamento,s.,,mendarisawa,,
casar-se,v.,,mendari,,
casado,s. / adj.,,mendasara,,
var. upé após nasais,posp. encl.,,me,,
"lentamente, devagar",adv. man.,,merupí,,
"biju, beiju",s.,,meyú,,
pão (nome de um bolo de mandioca),s.,,miapé,,
cativeiro,s.,,miasuasawa,,
vassalo,s.,,miasúa,,
var. muyasuka,v.,,miasuka,,
para lá,adv. loc.,,mikití,,
gambá,s.,,mikura,,
var. membira,s.,,mimbira,,
"lá, ali",adv. dem. dist.,,mimi,,
"o que é dali, o dali",s.,,mimiwara,,
"vara, vareta; graveto",s.,,miraí,,
arco (de lançar flechas),s.,,mirapara,,
1. madeira; 2. árvore,s.,,mirá,,
"pessoa, gente",s.,,mira,,
gigante,s.,,mirawasú,,
pequeno,adj. / s.,,mirĩ,,
pouco; um pouco,adv. intens.,,mirĩ,,
tipo de palmeira,s.,,mirití,,
plantação,s.,,mitima,,
mutum,s.,,mitú,,
1. domingo; 2. descanso,s.,,mituú,,
domingo,s.,,mituú,,
assado,s.,,mixiri,,
assar,v.,,mixiri,,
andorinha,s.,,miyuí,,
var. mumbaka,v.,,mpaka,,
var. mupena,v.,,mpena,,
var. mupinima,v.,,mpinima,,
var. mupiranga,v.,,mpiranga,,
var. muprezu,v.,,mprezu,,
var. mupuãmu,v.,,mpuãmu,,
var. mupuka,v.,,mpuka,,
embelezar,v.,,mpuranga,,
var. mupuruã,v.,,mpuruã,,
var. mupú,v.,,mpú,,
"estragar, destruir",v.,,muaíwa,,
"1) estragar-se, arruinar-se, deteriorar-se, corromper-se, destruir-se [...] (Avila 2021)",v.,,yumuaíwa,,
espantar,v.,,muakanhemu,,
"aquecer, esquentar",v.,,muakú,,
assobiar,v.,,tumuyé,,
var. tumuyé,v.,,tumunheẽ,,
1) desgrenhar; 2) atrapalhar,v.,,muapatuka,,
"encher, fartar",v.,,muapú,1.0,
tocar,v.,,muapú,2.0,
tocador (de instrumento musical),s.,,muapusara,,
"juntar, reunir, amontoar",v.,,muatiri,,
encurtar,v.,,muatuka,,
peneirar,v.,,muáu,,
apagar,v.,,muéu,,
var. mirá,s.,,muirá,,
amargar,v.,,muirawa,,
poucos,pron. quant.,,muiriira,,
quanto (a)? quantos (as)?,pron. interr.,,muíri,,
alguns,pron. quant.,,muíri,,
"todo, cada",pron. quant. univ.,,muíri,,
brear,v.,,muisika,,
var. mbuí,v.,,muí,,
var. mbuí,v.,,muĩ,,
tipo de grelha,s.,,mukaẽ,,
"1. cicatrizar; 2. moquear, grelhar, defumar",v.,,mukaẽ,,
var. mukaẽ,s. / v.,,mukaĩ,,
mostrar,v.,,mukameẽ,,
1) fazer desaparecer; 2) arruinar; 3) perder,v.,,mukanhemu,,
var. mukawa,s.,,muká,,
balançar,v.,,mukataka,,
"1)  guardar, conservar; reservar, economizar; 2) defender, proteger; salvar, remir",v.,,mukaturu,,
var. mukaturu,v.,,mukaturú,,
embriagar,v.,,mukaú,,
arma de fogo,s.,,mukawa,,
var. mukirimbawa,v.,,mukirimbá,,
fortalecer,v.,,mukirimbawa,,
"os dois, ambos",pron. quant.,,mukũi-itá,,
dois,num. card.,,mukũi,,
"os dois, ambos",pron. quant.,,mukũi,,
décimo segundo,num. ord.,,mukũipumukũisawa,,
décimo terceiro,num. ord.,,mukũipumusapirisawa,,
dez,num. card.,,mukũipú,,
décimo,num. ord.,,mukũipusawa,,
décimo primeiro,num. ord.,,mukũipuyepesawa,,
pela segunda vez,adv. ord.,,mukũisawa,,
segundo,num. ord.,,mukũisawa,,
engolir,v.,,mukuna,,
furar,v.,,mukwara,,
agradecer,v.,,mukwekatú,,
1. fazer ver; 2. prevenir,v.,,mumaã,,
var. mumbaka,v.,,mumaka,,
convidar,v.,,mumarandúa,,
fazer despertar,v.,,mumbaka,,
var. mumbawa,v.,,mumbá,,
"fazer acabar, acabar (tr.)",v.,,mumbawa,,
contar; narrar,v.,,mumbeú,,
"cumprimentar, saudar",v.,,mumurã,,
embranquecer,v.,,mumurutinga,,
roubar; furtar,v.,,mundá,,
ladrão,s.,,mundawasú,,
acender,v.,,mundeka,,
vestir; enfiar,v.,,mundéu,,
"impressionar, alvoroçar",v.,,mundí,,
1. envio; 2. mandamento,s.,,mundusawa,,
mundo,s.,,mundu,,
"mandar, enviar",v.,,mundú,,
var. mundú,v.,,munú,,
1. arrumar; consertar; 2. preparar,v.,,mungaturú,,
var. mukaturu,v.,,mungaturu,,
var. mukaturu,v.,,mungaturú,,
fazer dormir,v.,,mungiri,,
conselho,s.,,mungitasawa,,
1. combinar; conchavar; 2. ler (neologismo retirado do Tupi Antigo),v.,,mungitá,,
recolher,v.,,mungí,,
fazedor; criador,s. / adj.,,munhangara,,
feitura; obra,s.,,munhangawa,,
fazer,v.,,munhã,,
reunir,v.,,munuã,,
cortar,v.,,munuka,,
cortar,v.,,munusuka,,
acordar; fazer acordar (tr.),v.,,mupaka,,
var. mumbaka,v.,,mupaka,,
var. mumbawa,v.,,mupá,,
var. mumbawa,v.,,mupawa,,
quebrar; partir,v.,,mupena,,
ferir,v.,,muperewa,,
achatar,v.,,mupewa,,
pintor,s.,,mupinimasara,,
1. pintar; desenhar; 2. escrever,v.,,mupinima,,
"alagar, inundar",v.,,mupipika,,
avermelhar,v.,,mupiranga,,
"frigir, fritar",v.,,mupiririka,,
hospedar; fazer ficar,v.,,mupitá,,
pref. da voz causativa,pref.,,mu-,,
prender,v.,,muprezu,,
"levantar, fazer levantar",v.,,mupuãmu,,
quebrar,v.,,mupuka,,
embelezar,v.,,mupuranga,,
engravidar,v.,,mupuruã,,
"fazer engravidar, emprenhar",v.,,mupuruã,,
curar (v. tr.),v.,,mupusanú,,
"florir, botar flores em",v.,,muputira,,
"expulsar, enxotar",v.,,mupú,,
var. purakisara,s.,,muraikisara,,
terça-feira,s.,,murakimukũi,,
quarta-feira,s.,,murakimusapiri,,
segunda-feira,s.,,murakipí,,
1. trabalho (o mesmo que purakisawa - v.); 2. dificuldade,s.,,murakí,,
var. purakisara,s.,,murakisara,,
morar,v.,,murari,,
1. baile; 2. festa,s.,,murasí,,
agradar,v.,,murí,,
aproximar,v.,,muruakí,,
opor-se a,v.,,muruayana,,
var. de musurí,v.,,mururí,,
"1. inundar; 2. molhar, regar",v.,,mururú,,
branco,adj.,,murutinga,,
afiar,v.,,musaimbé,,
espalhar,v.,,musãi,,
arrancar,v.,,musaka,,
esquentar,v.,,musakú,,
demarcar,v.,,musangawa,,
var. musatambika,v.,,musantambika,,
endurecer,v.,,musantá,,
três,num. card.,,musapiri,,
terceiro,num. ord.,,musapirisawa,,
brincar,v.,,musarái,,
"tornar ou deixar saruado, fazer saruá em",v.,,musaruã,,
passar (tr.),v.,,musasá,,
var. musasá,v.,,musasawa,,
entristecer,v.,,musasiara,,
endireitar,v.,,musatambika,,
adoçar,v.,,museẽ,,
var. musemu,v.,,musema,,
fazer sair,v.,,musemu,,
"""tornar luminoso, acender, iluminar, alumiar; atiçar (o fogo)"" (Avila 2021, p. 543)",v.,,musendí,,
var. musendí,v.,,musení,,
vencer,v.,,muserana,,
nomear,v.,,musera,,
irmão (de h.),s.,,mú,,
alegrar,v.,,musurí,,
var. mú,s.,,mũ,,
"fumaçar, esfumaçar, defumar",v.,,mutatatinga,,
fumar tauari,v.,,mutawarí,,
espantar,v.,,mutawá,,
encher,v.,,muteresemu,,
enganchar; fisgar,v.,,mutianha,,
var. mutĩ,v.,,mutiĩ,,
embranquecer,v.,,mutinga,,
secar; torrar,v.,,mutiní,,
secar,v.,,mutipawa,,
"afundar, aprofundar",v.,,mutipí,,
"envergonhar, fazer sentir vergonha",v.,,mutĩ,,
iluminar,v.,,muturí,,
"aumentar, tornar grande",v.,,muturusú,,
"sentar, assentar",v.,,muwapika,,
derrubar,v.,,muwari,,
apagar,v.,,muwéu,,
fazer correr,v.,,muyana,,
fixar,v.,,muyari,,
"lavar, banhar",v.,,muyasuka,,
fincar,v.,,muyatiká,,
pendurar,v.,,muyatikú,,
fazer chorar,v.,,muyaxiú,,
"1. fazer virar; 2. transformar em, fazer ser",v.,,muyeréu,,
var. miyuí,s.,,muyuí,,
fazer apodrecer,v.,,muyuka,,
fazer jejuar,v.,,muyukwakú,,
"1) fazer aparecer; fazer surgir; 2) criar; 3) mostrar; 4) marcar, notar, distinguir",v.,,muyukwáu,,
var. muyukwáu,v.,,muyukwá,,
var. muyukwáu,v.,,muyukwawa,,
derreter,v.,,muyutikú,,
orelha,s.,,nambí,,
abacaxi; ananás,s.,,naná,,
nascer,v.,,naseri,,
ninguém,pron. indef.,,ne awá,,
nem; não,cconj. / part. neg.,,nẽ,,
fedido,adj.,,nema,,
nada,pron. indef.,,ne maã,,
nunca,adv.,,ne mairamé,,
var. nemasawa,s.,,nemasá,,
fedor,s.,,nemasawa,,
feder,v. 2ª cl.,,nema,,se
"1. tu; você; 2. teu(-s, -a, -as); seu (-s, -a, -as)",pron. 2ª cl.,,ne,,
"nenhum (a), nem um",pron. indef.,,ne yepé,,
"aquele(a), aquilo",pron. dem. dist.,,nhaã,,
"por isso, assim",adv. conj.,,nhaaresé,,
porque,adv. conj. / sconj. pré.,,nhaãsé,,
"bravo, feroz",adj.,,nharú,,
"(estar ou ficar) bravo, feroz",v. 2ª cl.,,nharú,,se
var. nharú,v.,,nharú,,
cantor,s.,,nheengarisara,,
canto; música; canção,s.,,nheengarisawa,,
cantar,v.,,nheengari,,
"1. língua, idioma; 2. palavra; 3. voz",s.,,nheenga,,
nome atual da língua geral da Amazônia,s.,,nheengatú,,
dizer,v.,,nheẽ,,
"só, somente",adv.,,nhũ,,
"só, somente, apenas, tão só, tão somente",adv.,,nhuntu,,
var. ti,part. neg.,,nití,,
ninguém,pron. indef.,,nti awá,,
var. timaã,part. neg.,,nti maã,,
nada,pron. indef.,,nti maã,,
var. ti,part. neg.,,nti,,
var. ti,part. neg.,,intíu,,
"nenhum (a), nem um",pron. indef.,,nti yepé,,
"só, somente, apenas, tão só, tão somente",adv. encl.,,ntu,,
no entanto,adv. conj. opos.,,nuká,,
o que é semelhante a,s.,,nungara,,
"surrar, bater (em)",v.,,nupá,,
var. inú,v.,,nú,,
expressa diversos sentimentos,interj.,,oh,,
"dizem, dizem que, diz-se que, contam, contam que",part. report.,,paá,,
pagar,v.,,pagari,,
acordar,v.,,paka,1.0,
paca,s.,,paka,2.0,
despertar (intr.),v.,,paka,,
banana,s.,,pakua,,
bananal,s.,,pakuatiwa,,
nome de grupo étnico do rio Purus,s.,,pamarí,,
tipo de toldo,s.,,panakarika,,
tipo de cesto,s.,,panakú,,
pano,s.,,pana,,
panela,s.,,panera,,
"todo, -a, todos, -as",pron. quant. univ.,,panhẽ,,
var. pana,s.,,panu,,
var. pawa,part. tot./ v.,,pá,,
papai,s.,,papá,,
1. papel; 2. carta,s.,,papera,,
"o que é do rio, a fauna fluvial",s.,,paranãpura,,
rio,s.,,paraná,,
var. paraná,s.,,paranã,,
"nome dado, em nheengatu, ao Rio Negro",s.,,Paranãwasú,1.0,
mar,s.,,paranãwasú,2.0,
1) rio grande; 2) perído de chuvas; 3) oceano,s.,,paranawasú,,
escolher,v.,,parawaka,,
tipo de árvore; o fruto ou as sementes em pó dessa árvore,s.,,pariká,,
tipo de palmeira,s.,,patawá,,
var. pawa,part. tot. / v.,,páu,,
"fim, final",s.,,pausawa,,
"todo (a)(s), totalmente, tudo",part. tot.,,pawa,1.0,
acabar,v.,,pawa,2.0,
var. -sawa,suf.,,-pawa,,
pai,s.,,paya,,
"pajé, feiticeiro indígena",s.,,payé,,
var. pé,s.,"['rapeé', 'sapeé']",peé,,
1. quebra; 2. dobra; 3. curva,s.,,penasawa,,
quebrar-se,v.,,pena,,
"a vós, para vós, a vocês, para vocês",pron. dat.,,penhemu,,
1. vós; vocês; 2. vos (pron. obj.),pron.,,penhẽ,,
var. upé após vogais orais,posp. encl.,,pe,,
morf. núm.-pess. de 2ª pess. pl.,pref.,,pe-,,
"1. vós, vocês; 2. vosso (-a, -os, -as); de vocês; seu (-a, -s, -as)",pron. 2ª cl.,,pe,,
asa,s.,,pepú,,
1. caminho; estrada; 2. rua,s.,"['rapé', 'sapé']",pé,,
ferida,s.,,perewa,,
bater,v.,,peteka,,
soprar,v.,,peyú,,
var. piaiwasawa,s.,,piaiwasá,,
raiva,s.,,piaiwasawa,,
bravo; raivoso; nervoso,v. 2ª cl.,,piaíwa,,se
var. piamu,v.,,piama,,
var. piamu,v.,,piame,,
buscar,v.,,piamu,,
var. piasawa,s.,,piasá,,
piaçava,s.,,piasawa,,
coração,s.,,piá,,
corajoso,adj.,,piawasú,,
varrer,v.,,piiri,,
var. piísawa,s.,,piisá,,
"1) picada, ferroada; 2) ferrão",s.,,piísawa,,
pomba,s.,,pikasú,,
piloto,s.,,pilutu,,
pescador,s.,,pinaitikasara,,
pescar,v.,,pinaitika,,
vara de pescar,s.,,pindaíwa,,
anzol,s.,,pindá,,
1. pindoba; tipo de palmeira; 2. a folha dessa palmeira,s.,,pindawa,,
desenhado; pintado; escrito,adj.,,pinima,,
pintor,s.,,pinimasara,,
desenho,s.,,pinimasawa,,
lugar de pintar,s.,,pinimatawa,,
peidar,v.,,pinú,,
"pegada, rastro",s.,,pipura,,
"piraíba, nome de um peixe",s.,,piraíwa,,
var. purakasara,s.,,pirakasara,,
"peixinho, piaba",s.,,pirá-mirĩ,,
vermelho,adj.,,piranga,,
piranha,s.,,piranha,,
forte,adj.,,pirantá,,
"fortemente,",adv.,,pirantá,,
var. pirantasawa,s.,,pirantasá,,
força,s.,,pirantasawa,,
"correnteza, corredeira, cachoeira",s.,,pirantá,,
abrir,v.,,pirari,,
"pirarucu, nome de um peixe",s.,,pirarukú,,
corpo,s.,,pira,,
piracema,s.,,pirasema,,
var. pirasema,s.,,pirasemu,,
peixe,s.,,pirá,,
pobre,s. / adj.,,pirasua,,
boto,s.,,pirayawara,,
"1. pele; 2. casca, couro; 3. casco",s.,,pirera,,
mais ● piri...suí (mais...que),adv. gr.,,piri,1.0,
"para, junto a (uma pessoa ou animal)",posp.,,piri,2.0,
"compra ● piripanasawa ruka (s.) - loja (lit., casa de compras)",s.,,piripanasawa,,
comprar,v.,,piripana,,
tipo de erva,s.,,piripiriaka,,
var. piiri,v.,,piri,,
descascar,v.,,piruka,,
pisar,v.,,pirú,,
tarrafa,s.,,pisá,,
novo,adj.,,pisasú,,
var. piísawa,s.,,pĩsá,,
var. piísawa,s.,,pĩsawa,,
pedaço,s.,,pisawera,,
pedaço,s.,,pisãwera,,
1. meia-noite; 2. noite alta,s.,,pisayé,,
"pegar, apanhar",v.,,pisika,,
livrar,v.,,pisirú,,
salvar,v.,,pisirũ,,
pé,s.,,pi,,
"pé, pata",s.,,pí,,
menino,s.,,pitangé,,
segurar,v.,,pitasuka,,
"ficar (também no sentido de tornar-se, passar a estar, passar a ser)",v.,,pitá,,
"pelo meio de, em meio a",posp.,,piterarupí,,
"meio, metade",s.,,pitera,,
chupar,v.,,pitera,,
forma locativa de pitera,s. loc.,,pitérupi,,
ajudar,v.,,pitimú,,
ajudar,v.,,pitimũ,,
fracamente,adv. man.,,pitúa,,
var. ort. pitúa,s. / adj. / adv. man.,,pitua,,
"fraco, frágil, covarde",s. / adj.,,pitúa,,
meia-noite,s.,,pituna-pisayé,,
altas horas,s.,,pituna-pukú,,
noite,s.,,pituna,,
escuridão,s.,,pitunawasú,,
de madrugada,adv. temp.,,pitupituna,,
1. descansar; 2. parar de,v.,,pituú,,
beliscar,v.,,pixama,,
gato,s.,,pixana,,
preto,adj.,,pixuna,,
negrura; pretume,s.,,pixunasawa,,
imitativa de som de pancada,interj.,,poh,,
deôntico de necessidade,part. neces.,,presizu,,
unha (das mãos ou dos pés); garra,s.,,puampé,,
levantar-se,v.,,puãmu,,
levantar-se; erguer-se,v.,,puamu,,
poder,v. / aux. flex. pré.,,puderi,,
pôr a mão,v.,,puẽ,,
mexer,v.,,puíri,,
nove,num. card.,,pú-irundí,,
var. pú-irundí,num. card.,,puirundí,,
var. pú-irundisawa,num. ord.,,pú-irundisá,,
nono,num. ord.,,pú-irundisawa,,
var. pú-irundisawa,num. ord.,,puirundisawa,,
mentira,s.,,puité,,
var. pukasawa,s.,,pukasá,,
riso,s.,,pukasawa,,
explodir,v.,,puka,,
rir,v.,,puká,,
"comprido, longo",adj.,,pukú,,
var. pukusawa,sconj. / posp. / s.,,pukusá,,
durante,posp.,,pukusawa,,
comprimento,s.,,pukusawa,,
enquanto,sconj.,,pukusawa,,
amarrar,v.,,pukwari,,
fiador,s.,,pumanasara,,
torcer,v.,,pumbika,,
sete,num. card.,,pú-mukũi,,
var. pú-mukũi,num. card.,,pumukũi,,
var. pú-mukũisawa,num. ord.,,pú-mukũisá,,
sétimo,num. ord.,,pú-mukũisawa,,
var. pú-mukũisawa,num. ord.,,pumukũisawa,,
oito,num. card.,,pú-musapiri,,
var. pú-musapiri,num. card.,,pumusapiri,,
var. pú-musapirisawa,num. ord.,,pú-musapirisá,,
oitavo,num. ord.,,pú-musapirisawa,,
var. pú-musapirisawa,num. ord.,,pumusapirisawa,,
partícula que expressa suposição,part. assum.,,pu,,
1. embrulhar; 2. cobrir,v.,,pupeka,,
dentro de,posp.,,pupé,,
rebentar-se,v.,,pupuka,,
tipo de palmeira,s.,,pupunha,,
dez,num. card.,,pu pu,,
1. ferver; 2. saltitar,v.,,pupuri,,
décimo,num. ord.,,pupusawa,,
"cheio, inteiro; em grande número",adj.,,pura,1.0,
"o que está em, morador de, habitante de",suf.,,-pura,2.0,
estar cheio,v. 2ª cl.,,pura,3.0,
var. puranga,adj.,,purã,,
var. purakisara,s.,,puraikisara,,
encher,v.,,purakari,,
pescador,s.,,purakasara,,
trabalhador,s.,,purakisara,,
1. trabalho; exercício 2. lugar de trabalho,s.,,purakisawa,,
trabalhar,v.,,purakí,,
"pergunta, questão",s.,,purandusawa,,
"perguntar, fazer perguntas",v.,,purandú,,
1. bom; direito; 2. bonito,adj.,,puranga,,
bem,adv. man.,,puranga,,
beleza,s.,,purangasawa,,
var. purandú,v.,,puranú,,
muito bonito,adj.,,purapuranga,,
"sofrer, padecer (de)",v.,,purará,,
1. conteúdo; 2. habitante,s.,,pura,,
dança,s.,,purasisawa,,
dançar,v.,,purasí,,
pular,v.,,puri,,
"apenas, completamente",adv. intens.,,puru,,
engravidar,v. 2ª cl.,,puruã,,se
diarreia,s.,,puruka,,
falar,v.,,purungitá,,
enxada,s.,,pururé,,
1. redemoinho; 2. pororoca,s.,,pururuka,,
tomar emprestado,v.,,purú,,
"remédio, medicamento",s.,,pusanga,,
curar,v.,,pusanú,,
var. pisãwera,s.,,pusãwera,,
"(ser, estar ou tornar-se) leve",v. 2ª cl. / adj.,,puseíma,,se
pesado,adj.,,pusé,,
pesado,v. 2ª cl.,,pusé,,se
"comprido, longo",v. 2ª cl.,,pukú,,se
mão,s.,,pú,,
"respeitar, honrar",v.,,pusú,,
var. putarisawa,s.,,putarisá,,
"desejo, vontade",s.,,putarisawa,,
"querer, desejar",v. / aux. não-flex.,,putari,,
var. putawa,s.,,putá,,
noivo(a),s.,,putawa,,
peito,s.,,putiá,,
flor,s.,,putira,,
colher,v.,,puú,,
"mau, ruim",adj.,,puxí,,
mal,adv. man.,,puxí,,
"ajudador, ajudante",s.,,puxirungara,,
feio; mau,adj.,,puxiwera,,
mal,adv. man. / s.,,puxiwera,,
maldade,s.,,puxiwerasawa,,
var. puxiwera,adj.,,puxuwera,,
var. puxiwera,adv.,,puxuwera,,
seis,num. card.,,pú-yepé,,
var. pú-yepé,num. card.,,puyepé,,
sexto,num. ord.,,pú-yepesawa,,
var. pú-yepesawa,num. ord.,,puyepesawa,,
unha,s.,,pwãpé,,
var. rẽ,part. imperf.,,raẽ,,
(ser) pontudo,v. 2ª cl.,['saintí'],raintí,,se
var. rẽ,part. imperf.,,raĩ,,
atrás de,posp.,['sakakwera'],rakakwera,,
liso,adj.,,isima,,
var. isima,adj.,,sima,,
quente,v. 2ª cl.,['sakú'],rakú,,se
var. rakakwera,posp.,['sakwera'],rakwera,,
var. rakakwera,posp.,['sakwé'],rakwé,,
var. arama 4,posp.,,rama,,
"em, de, a (com palavras que expressam tempo)",posp.,,ramé,,
"1. quando, por ocasião de; 2. se, no caso de",sconj.,,ramé,,
improvisado,adj.,,rana,,
improvisadamente,adv. man.,,rana,,
"mau, pouco, mais ou menos, falso, fraco, não verdadeiro, adulterado",suf.,,-rana,,
var. rẽ,part. imperf.,,ranhẽ,,
ter pressa,v. 2ª cl.,['sanhẽ'],ranhẽ,,
"""partícula que exprime surpresa, ironia, irritação, ênfase etc."" (Avila 2021, p. 652)",part. foco,,ra,,
var. arama,part. fut./ posp./ sconj.,,ra,,
var. arama,part. fut./ posp./ sconj.,,rã,,
portador,s.,,rasusara,,
levar,v.,,rasú,,
"ter pelos, ter penas",v. 2ª cl.,['sawa'],rawa,,se
var. rẽ,part. imperf.,,reĩ,,
"1. adiante de, à frente de; 2. antes de; 3. diante de",posp.,['senundé'],renundé,1.0,
"antes de, antes que",sconj.,,renundé,2.0,
var. renundé 2,sconj.,,renuné,,
var. renundé 1,posp.,['senuné'],renuné,,
partícula de aspecto imperfectivo,part. imperf.,,rẽ,,
morf. núm.-pess. de 2ª pess. sing.,pref.,,re-,,
cego,v. 2ª cl.,['sesaíma'],resaíma,,se
esquecer-se,v. 2ª cl.,['sesarái'],resarái,,
porque,sconj.,,resé,,
1. em (referindo-se ao que não tem um sentido geográfico); 2. a respeito de,posp.,['sesé'],resé,,
1. relativo a; 2. por causa de,posp.,['sesewara'],resewara,,
porque,sconj.,['sesewara'],resewara,,
var. retana,adv. intens.,,retã,,
muito,adv. intens.,,retana,,
"real, verdadeiro",adj.,,reté,,
muito,adv. intens.,,reté,,
"ter de, dever",v.,,rikuté,,
ter,v.,,rikú,,
em lugar de,posp.,['sikuyara'],rikuyara,1.0,
vivo; vivente,v. 2ª cl.,['sikwé'],rikwé,,se
(ser ou estar) brilhante,v. 2ª cl.,['sinipuka'],rinipuka,,se
"após, depois de",posp.,,riré,,
depois que,sconj.,,riré,,
var. riré,posp. / sconj.,,rirí,,
tremer,v.,,rirí,,
"perto de, próximo de",posp.,['suakí'],ruakí,,
"próximo, vizinho",adj.,['suakiwara'],ruakiwara,,
"embarcar, pôr em embarcação (Avila 2021)",v.,,ruári,,
contra,posp.,['suaxara'],ruaxara,,
sangrar,v. 2ª cl.,['tuí'],ruí,2.0,se
var. renundé 2,sconj.,,rundé,,
var. renundé 1,posp.,['sundé'],rundé,,
"1. por (através de, ao longo de); 2. por (por causa de); 3. por, em (por meio de); 4. de acordo com, segundo; 5. pode indicar localização imprecisa: pelos lados de",posp.,,rupí,,
"alegre, feliz",v. 2ª cl.,['surí'],rurí,,se
trazer,v.,,ruri,,
var. urusakanga,s.,,rusakã,,
1. trazer; 2. atingir,v.,,rusika,,
acreditar,v.,,ruyari,,
desenho,s.,"['raanga', 'saanga']",saanga,,
sentir,v.,,saã,,
sabão,s.,,sabãu,,
afiado; áspero,adj.,,saimbé,,
var. saimbé,adj.,,saimé,,
pontudo,adj.,,saintí,,
ponta,s.,"['raintí', 'saintí']",saintí,,
var. saintisawa,s.,,saintisá,,
ponta,s.,,saintisawa,,
"sovinar, mesquinhar",v.,,saisú,1.0,
amar,v.,,saisú,2.0,
amor,s.,,saisusawa,,
estar espalhado,v.,,sãi,,
graveto,s.,,sakaí,,
var. sakaí,s.,,sakái,,
derradeiro,s.,"['rakakwerawara', 'sakakwerawara']",sakakwerawara,,
galho,s.,"['rakanga', 'sakanga']",sakanga,,
extremidade,s.,"['rakapira', 'sakapira']",sakapira,,
forma locativa de sakapira,s. loc.,"['rakapírupi', 'sakapírupi']",sakapírupi,,
"desprender-se, soltar-se",v.,,saka,,
ardente,adj.,,sakiwara,,
quente,adj.,,sakú,,
"[hist.] calor; calma (Dias, 560; Seixas, 52; Amorim, 358, 359; Studart, 35) [...] (Avila 2021)",s.,,sakú,,
"com calor, calorosamente",adv. man.,,sakú,,
"mais ou menos quente, morno; v. rakú e -rana",adj.,,sakurana,,
calor,s.,"['rakusawa', 'sakusawa']",sakusawa,,
cheiroso,adj.,,sakwena,,
perfume,s.,,sakwena,,
var. takakwera,s.,"['rakwera', 'sakwera']",sakwera,,
"1. medida; 2. exemplo; modelo; 3. retrato, fotografia; 4. momento",s.,"['rangawa', 'sangawa']",sangawa,,
juntar,v.,,sanhana,,
dente,s.,"['ranha', 'sanha']",sanha,,
duro,adj.,,santá,,
var. satambika,adj. / adv. man.,,santambika,,
var. santasawa,s.,,santasá,,
dureza,s.,,santasawa,,
1. rastro; 2. marca; 3. saudade,s.,"['rapekwera', 'sapekwera']",sapekwera,,
queimar,v.,,sapí,,
galinha ● sapukaya-apigawa - galo,s.,,sapukaya,,
sapopema,s.,"['sapupema', 'rapupema']",sapupema,,
raiz,s.,"['rapú', 'sapú']",sapú,,
"sufixo que expressa o agente, o que faz algo, o profissional: Ex. - mupinimasara - pintor; yukasara - matador",suf.,,-sara,,
saruado,adj.,,saruã,,
saruá,s.,,saruã,,
var. saruã,s.,,saruá,,
var. sarusawa,s.,,sarusá,,
"1) espera, esperança; 2. vigilância, cuidado",s.,,sarusawa,,
esperar,v.,,sarú,,
var. sasá,v.,,sasáu,,
passar (tr. e intr.),v.,,sasá,,
var. sasá,v.,,sasawa,,
se,sconj. pré.,,sã,,
var. sã,sconj. pré.,,sa,,
var. sasemu,v.,,sasema,,
gritar,v.,,sasemu,,
triste,adj.,,sasiára,,
var. ort. sasiára,adj.,,sasiara,,
"sofrimento; violência ● sasisawa rupí - com violência, violentamente",s.,,sasisawa,,
dor,s.,,sasí,,
1. doer; 2. (ser ou estar) triste; 3. ser venenoso,v. 3ª cl.,,sasí,,
"direto, direito, correto, honesto",adj.,,satambika,,
"diretamente, corretamente",adv. man.,,satambika,,
sábado,s.,,saurú,,
1. pelo; 2. pena,s.,"['rawa', 'sawa']",sawa,,
"sufixo que, acrescentado a um verbo, um adjetivo etc., torna-os substantivos",suf.,,-sawa,,
gostoso,adj.,,sé,,
gostosamente,adv. man.,,sé,,
doce,adj.,,seẽ,1.0,
açúcar,s.,,seẽ,2.0,
var. de sé,adj. / adv.,,seé,,
troco,s.,"['rekuyaramirĩ', 'sekuyaramirĩ']",sekuyaramirĩ,,
1. pagamento; 2. dinheiro,s.,"['rekuyara', 'sekuyara']",sekuyara,,
salgado,adj.,,sembika,,
var. simiára,s.,"['remiára', 'semiára/xemiára']",semiára,,
1. sair; 2. nascer,v.,,semu,,
ouvir,v.,,sendú,,
chamar,v.,,senúi,,
chamar; convidar,v.,,senũi,,
antepassado,s.,"['renundewara', 'senundewara']",senundewara,,
var. sendú,v.,,senú,,
caro,adj.,,sepiasú,,
barato,adj.,,sepiasuíma,,
pagar,v.,,sepiasumeẽ,,
preço,s.,,sepí,,
"1. eu; 2. meu (-s, minha, -s)",pron. 2ª cl.,,se,,
"afamado, célebre",adj.,,serakwena,,
levemente,adv. man.,,serana,,
part. para interrogações em que a resposta é sim ou não,part. interr. pol.,,será,,
sobrenome,s.,"['rera-rakapira', 'sera-rakapira']",sera-rakapira,,
nome,s.,"['rera', 'sera']",sera,,
lamber,v.,,seréu,,
"nomear, chamar",v.,,seruka,,
olho,s.,"['resá', 'sesá']",sesá,,
lágrima,s.,"['resayukisé', 'sesayukisé']",sesayukisé,,
"1) o que diz respeito a; 2) história, notícia; 3) significado, valor; 4) despedida",s.,"['resewara', 'sesewara']",sesewara,,
muitos,pron. quant.,,setá,1.0,
serem muitos,v. 3ª cl.,,setá,2.0,
muito,adv. intens.,,setá,3.0,
cheirar,v.,,setuna,,
var. siiya,pron. quant.,,siía,,
muitos(-as); muito(-a),pron. quant.,,siiya,,
"ajuntamento, grande número",s.,"['riiya', 'siiya']",siiya,,
bando,s.,"['riiya', 'siiya']",siiya,,
tipo de breu derivado de resina,s.,,sikantá,,
procurar,v.,,sikari,,
chegar,v.,,sika,,
medo,s.,,sikiesawa,,
"ter medo, temer",v.,,sikié,,
var. sikindawa,v.,,sikináu,,
var. sikindawa,v.,,sikindáu,,
var. sikindawa,v.,,sikindá,,
fechar,v.,,sikindawa,,
puxar,v.,,sikí,,
1. modo de ser; 2. vida,s.,"['rikusawa', 'sikusawa']",sikusawa,,
preço,s.,"['rikuyara', 'sikuyara']",sikuyara,2.0,
vivo,s.,"['rikwé', 'sikwé']",sikwé,,
vida,s.,"['rikwesawa', 'sikwesawa']",sikwesawa,,
animal doméstico,s.,"['rimbawa', 'simbawa']",simbawa,,
"caça, presa, pesca",s.,"['rimiára', 'simiára/ximiára']",simiára,,
var. ort. simiára,s.,"['rimiara', 'simiara/ximiara']",simiara,,
noiva,s.,"['rimirikú-putawa', 'simirikú-putawa']",simirikú-putawa,,
esposa,s.,"['rimirikú', 'simirikú/ximirikú']",simirikú,,
"vontade ● rimutara (rupí), simutara (rupí) - por conta própria",s.,"['rimutara', 'simutara']",simutara,,
nascer,v.,,sinhĩ,,
camaleão,s.,,sinimbú,,
var. sinimbú,s.,,sinimú,,
var. sinimbú,s.,,sinimũ,,
var. sinhĩ,v.,,sinĩ,,
seringueira,s.,,siringa,,
bolha,s.,,sirirí,,
borbulhar,v.,,sirirí,,
var. setá 1,pron. quant.,,sitá,1.0,
var. setá 2,v. 3ª cl.,,sitá,2.0,
plêiades,s.,,siusí,,
var. siiya,pron. quant.,,siya,,
var. tuayara,s.,"['ruái', 'suái']",suái,,
var. suayana,s.,"['ruanhana', 'suanhana']",suanhana,,
"encontrar (aquilo que não se procurava), deparar-se com",v.,,suantí,,
esmurrar na cara,v.,,suapeteka,,
"cara, rosto",s.,"['ruá', 'suá']",suá,,
grelo,s.,"['ruã', 'suã']",suã,,
veada,s.,,suasú-kunhã,,
veado,s.,,suasú,,
lado; parte,s.,"['ruaxara', 'suaxara']",suaxara,,
responder,v.,,suaxara,,
inimigo,s.,"['ruayana', 'suayana']",suayana,,
"rabo, cauda",s.,"['ruáya', 'suáya']",suáya,,
var. ort. suáya,s.,"['ruaya', 'suaya']",suaya,,
1) verde; 2) azul,s. / adj.,,suikiri,,
var. suindawa,s.,"['ruindá', 'suindá']",suindá,,
o lado oposto,s.,"['ruindawa', 'suindawa']",suindawa,,
1. de (indicando origem ou causa); 2. desde,posp.,,suí,,
de; 2. (feito) de; 3. desde,posp.,,suiwara,,
o que é de; 2. o que é feito de,s.,,suiwara,,
var. susuka,v.,,suka,,
var. sukuriyú,s.,,sukuriú,,
sucuri,s.,,sukuriyú,,
carne,s.,"['rukwera', 'sukwera']",sukwera,,
"sumaúma, sumaumeira (nome de uma árvore)",s.,,sumaúma,,
cerne; tronco,s.,"['rumitera', 'sumitera']",sumitera,,
"companheiro, amigo ● sumuára-kunhã - amiga",s.,"['rumuára', 'sumuára']",sumuára,,
var. ort. sumuára,s.,"['rumuara', 'sumuara']",sumuara,,
var. senundewara,s.,"['rundewara', 'sundewara']",sundewara,,
var. supapawa,s.,,supapá,,
var. supapawa,s.,,supapáu,,
quinta-feira,s.,,supapawa,,
"para, a (ref. a uma pessoa)",posp.,,supé,,
"[hist.] que tem certeza, certo (de algo) [...] (Avila 2021)",adj.,,supí,,
veneno,s.,"['rupiara', 'supiara']",supiara,,
ovo,s.,"['rupiá', 'supiá']",supiá,,
"na verdade, de fato",part. cert.,,supí,,
"levantar, erguer",v.,,supiri,,
var. supisawa,s.,,supisá,,
verdade,s.,,supisawa,,
"verdade, realidade, fato",s.,,supí,,
tronco,s.,"['rupitá', 'supitá']",supitá,1.0,
parede,s.,"['rupitá', 'supitá']",supitá,2.0,
ser fiel,v. 2ª cl.,,supí,,
soldado,s.,,surara,,
alegria,s.,"['rurisawa', 'surisawa']",surisawa,,
alegre; feliz,s. / adj.,,suriwara,,
rasgado,adj.,,suruka,,
rasgar-se,v.,,suruka,,
"pilar, pisar; triturar",v.,,susuka,,
animal; caça,s.,,suú,1.0,
morder,v.,,suú,2.0,
"roer, mastigar",v.,,suú-suú,,
ir,v. / aux. flex. pré.,,sú,,
"partícula interrogativa para questões abertas, i.e., que admitem muitas respostas",part. interr. cont.,,taá,,
nervo; tendão; veia,s.,"['raíka', 'saíka']",taíka,,
infância,s.,,tainasawa,,
criança pequena; bebê,s.,,taína,,
"caroço, semente",s.,"['raínha', 'saínha']",taínha,,
filho (de h.),s.,"['raíra', 'taíra']",taíra,,
var. teité,interj. / adj. / s.,,taité,,
ninho,s.,"['raití', 'saití']",taití,,
sogra,s.,"['raixú', 'saixú']",taixú,,
parte posterior,s.,"['rakakwera', 'sakakwera']",takakwera,,
febre,s.,"['rakua', 'sakua']",takua,,
"taquara, tipo de bambu",s.,,takwara,,
tamanduá,s.,,tamanduá,,
nome de um peixe,s.,,tamuatá,,
avô,s.,"['ramunha', 'samunha']",tamunha,,
cinza,s.,,tanimbuka,,
abano para o fogo,s.,,tapekua,,
taperebá,s.,,tapereiwá,,
cajá,s.,,taperiwá,,
tapioca,s.,,tapiáka,,
var. ort. tapiáka,s.,,tapiaka,,
escroto,s.,"['rapiá', 'sapiá']",tapiá,,
anta,s.,,tapiira-kaawara,,
1. anta; 2. boi ● tapiíra kaapura - anta silvestre,s.,,tapiíra,,
var. tapiíra,s.,,tapiira,,
var. tapiíra,s.,,tapira,,
vassoura,s.,"['rapixawa', 'sapixawa']",tapixawa,,
"1. eles(as); 2. deles, delas; 3. indica a indeterminação do sujeito",pron. / pron. 2ª cl.,,ta,,
var. tá,pron. / pron. 2ª cl.,,tá,,
tipo de larva,s.,,tapurú,,
clã da etnia baníua,s.,,tapuya,,
nome de grupo étnico e de língua da Amazônia,s.,,taria,,
"traíra, nome de um peixe",s.,,tariíra,,
formiga,s.,,tasiwa,,
fogo,s.,"['ratá', 'satá']",tatá,,
fumaça,s.,,tatatinga,,
sogro,s.,"['ratiwa', 'satiwa']",tatiwa,,
tatu,s.,,tatú,,
amarelo,adj.,,tawá,1.0,
ser ou estar amarelo,v. 2ª cl.,,tawá,2.0,se
cidade,s.,,tawa,,
var. -sawa,suf.,,-tawa,,
tipo de argila,s.,,tawatinga,,
tipo de formiga,s.,,taxí,,
queixada,s.,,tayasú,,
filha (de h.),s.,"['rayera', 'tayera']",tayera,,
"mesmo, é que",part. foco,,tẽ,1.0,
var. tẽ 1,part. foco,,té,1.0,
var. te,part. neg. imp.,,tẽ,2.0,
var. até,prep. / sconj. pré.,,té,2.0,
barulho,s.,"['reapú', 'seapú']",teapú,,
coitado,interj. / adj. / s.,,teité,,
"margem, orla, beira",s.,"['rembiiwa', 'sembiiwa']",tembiiwa,,
var. timbiú,s.,"['rembiú', 'sembiú/xembiú']",tembiú,,
var. tembiiwa,s.,"['rembiwa', 'sembiwa']",tembiwa,,
"var. de imiarirú ({t}, r, x)",s.,"['remiarerú', 'semiarerú']",temiarerú,,
var. timbiú,s.,"['remiú', 'semiú/xemiú']",temiú,,
gengibre,s.,,mangarataya,,
"1. comunidade; 2. sítio, fazenda; 3. lugar",s.,"['rendawa', 'sendawa']",tendawa,,
var. tendawa,s.,"['rená', 'sená']",tená,,
var. tendawa,s.,"['renawa', 'senawa']",tenawa,,
var. tendawa,s.,"['rendá', 'sendá']",tendá,,
irmã (de h.),s.,"['rendira', 'sendira']",tendira,,
"satisfazer, fartar, saciar (fal. de comida) (Tastevin, 635; Hartt, 321) [...] (Avila 2021)",v.,,muapisika,,
var. muapisika,v.,,muapisí,,
pintar,v.,,mukwatiári,,
var. tẽ 1,part. foco,,tenhẽ,1.0,
var. te,part. neg. imp.,,tenhẽ,2.0,
"à toa, sem motivo",adv. man.,,tenhuntu,,
deôntico de obrigação,part. neces.,,tenki,,
"a frente, o que está adiante",s.,"['renundé', 'senundé']",tenundé,,
"deixa estar!, deixe estar!, deixai estar!",interj.,,tenupá,,
expressa pedido de permissão,part. prec.,,tenupá,,
não (com o imperativo negativo),part. neg. imp.,,te,,
sonolento,s. / adj.,,tepusimanha,,
var. tipusí,s.,"['repusí', 'sepusí']",tepusí,,
cheio,adj.,,teresemu,,
"terra, região; pátria",s.,"['retama', 'setama']",tetama,,
nativo,s.,,tetamawara,,
forma locativa de tetama,s. loc.,"['retame', 'setame']",tetame,,
var. teité,interj. / adj. / s.,,teté,,
corpo,s.,"['reté', 'seté']",teté,,
perna,s.,"['retimã', 'setimã']",tetimã,,
"teiú, tipo de lagarto",s.,,teyú,,
esteio em que se apoia o telhado; forquilha,s.,,tianha,,
gancho; forquilha; esteio,s.,,tiãnha,,
barulho,s.,,tiapú,1.0,
soar; fazer barulho,v. 3ª cl.,,tiapú,2.0,
com barulho,adv. man.,,tiapú,3.0,
guloso,adj.,,tiára,,
"pilotar, dirigir; separar; inquietar",v.,,tiari,,
tia,s.,,tía,,
ninguém,pron. indef.,,ti awá,,
var. tĩ,s.,,tiĩ,,
secar,v.,,tikanga,1.0,
seco,adj.,,tikanga,2.0,
var. sikantá,s.,,tikantá,,
Nossa! Meu Deus!,interj.,,tik,,
derreter-se,v.,,tikú,,
ânus,s.,"['rikwara', 'xikwara']",tikwara,,
não,adv.,,timaã,,
var. timaã,part. neg.,,ti maã,,
nada,pron. indef.,,ti maã,,
comida,s.,"['rimbiú', 'simbiú/ximbiú']",timbiú,,
var. tembiiwa,s.,"['rimbiwa', 'simbiwa']",timbiwa,,
net(o)(a),s.,"['rimiarirú', 'ximiarirú']",timiarirú,,
"neto, neta",s.,"['rimiarirú', 'ximiarirú']",timiarirú,,
var. timbiú,s.,"['rimiú', 'ximiú']",timiú,,
torrado,adj.,,tiní,,
joelho,s.,"['rinipiã', 'sinipiã']",tinipiã,,
secar,v.,,tiní,,
não,part. neg.,,ti,,
estar seco; secar,v. / v. 3ª cl.,,tipawa,,
fundo,adv. loc.,,tipí,1.0,
(ser ou estar) fundo,v. 3ª cl.,,tipí,2.0,
fundo,s.,"['ripí', 'tipí']",tipí,3.0,
fundo da água,s.,,tipí,4.0,
"tapioca, goma",s.,,tipiáka,,
var. ort. tipiáka,s.,,tipiaka,,
covão,s.,,tipiáya,,
(lugar) raso,s.,,tipiima,,
(ser ou estar) raso,v. 3ª cl.,,tipiima,,
prensar,v.,,tipika,,
peido,s.,"['ripinú', 'xipinú']",tipinú,,
turvo (água etc.); claro (pele),adj.,,tipitinga,,
"prensa de massa de mandioca, feita de ramos de palmeira",s.,,tipití,,
"sono, vontade de dormir",s.,"['ripusí', 'sipusí']",tipusí,,
fezes,s.,"['riputí', 'siputí']",tiputí,,
"senão; ou, ou então",cconj.,,tiramé,,
"separar-se, afastar-se",v.,,tirika,,
"1. nariz, focinho; 2. bico (de ave); 3. tromba (p. ex., de anta)",s.,,tĩ,,
vergonha,s.,,tĩsawa,,
"prever, profetizar",v.,,titika,,
"expressa abundância, grande número. Forma substantivos coletivos.",suf.,,-tiwa,,
"nenhum (a), nem um",pron. indef.,,ti yepé,,
cunhado,s.,"['ruayara', 'suayara']",tuayara,,
pai,s.,"['ruba', 'tuba']",tuba,,
var. tuwí,s.,"['ruí', 'tuí']",tuí,1.0,
"tuxaua, cacique; chefe, líder; rei",s.,"['ruixawa', 'suixawa']",tuixawa,,
tucano,s.,,tukana,,
"tocandira, tipo de formiga",s.,,tukandira,,
nome de grupo étnico e de língua do rio Negro,s.,,tukano,,
var. tukano,s.,,tukanu,,
"bater, golpear",v.,,tuká,,
var. tukumã 1.,s.,,tukumã-iwa,,
1. tipo de palmeira; 2.fruto dessa palmeira,s.,,tukumã,,
"tucunaré, nome de um peixe",s.,,tukunaré,,
gafanhoto,s.,,tukura,,
var. tumasawa,s.,"['rumasá', 'sumasá']",tumasá,,
foz,s.,"['rumasawa', 'sumasawa']",tumasawa,,
cuspir,v.,,tumuna,,
Deus,s.,,tupana,,
corda,s.,,tupasá,,
trovão,s.,,tupã,,
var. tupã,s.,,tupá,,
"igreja, capela",s.,,tupauku,,
esteira,s.,,tupé,,
1. tipo de árvore; 2. facho feito a partir da madeira dessa árvore,s.,,turí,,
grande,adj.,,turusú,,
muito,adv. intens.,,turusú,,
"muito (a), muitos (as)",pron. quant.,,turusú,,
var. turususawa,s.,,turususá,,
"tamanho, forma",s.,,turususawa,,
tio,s.,,tutira,,
onomatopeia imitativa do som de algo caindo no chão,interj.,,tuú,,
sangue,s.,"['ruwí', 'suwí']",tuwí,,
var. tuixawa,s.,,tuxawa,,
ancião,s.,,tuyué,,
barro,s.,,tuyuka,,
velho,s.,,tuyu,,
velho,s. / adj.,,tuyuwé,,
tipo de canoa,s.,,ubá,,
ou,cconj.,,u,,
hoje,adv. temp.,,uií,,
farinha,s.,,uí,,
"flecha, seta",s.,"['ruíwa', 'suíwa']",uíwa,,
quarto,s.,"['rukapí', 'sukapí']",ukapí,,
telhado,s.,,uka-pupekasara,,
"1. praça, terreiro, quintal; o lado de fora (da casa)",s.,"['rukara', 'sukara']",ukara,,
casa,s.,"['ruka', 'suka']",uka,,
forma locativa de ukara,s. loc.,"['rukárupi', 'sukárupi']",ukárupi,,
(o) que é da casa; caseiro,s. / adj.,,ukawara,,
porta,s.,"['rukena', 'sukena']",ukena,,
tipo de árvore,s.,,ukukí,,
tipo de planta,s.,,umarí,,
não,part. neg.,,umbaá,,
var. mumbaka,v.,,umbaka,,
var. mumbawa,v.,,umbá,,
var. mumbawa,v.,,umbawa,,
var. mumbeú,v.,,umbeú,,
var. mumbaka,v.,,umpaka,,
var. mupena,v.,,umpena,,
var. mupinima,v.,,umpinima,,
var. mupiranga,v.,,umpiranga,,
var. muprezu,v.,,umprezu,,
var. mupuãmu,v.,,umpuãmu,,
var. mupuka,v.,,umpuka,,
var. mupusanú,v.,,umpusanú,,
var. mupú,v.,,umpú,,
var. panhẽ,pron. quant. univ.,,upaĩ,,
var. panhẽ,pron. quant. univ.,,upanhẽ,,
var. panhẽ,pron. quant. univ.,,paĩ,,
var. panhẽ,pron. quant. univ.,,pawé,,
var. panhẽ,pron. quant. univ.,,upainhẽ,,
var. panhẽ,pron. quant. univ.,,upanhẽ,,
var. panhẽ,pron. quant. univ.,,upawé,,
em (com sentido locativo),posp.,,upé,,
tipo de réptil,s.,,upé,,
habitante,s.,,upewara,,
morf. núm.-pess. de 3ª pess. sing.,pref.,,u-,,
var. wirarí,s.,,urarí,,
var. urusakanga,s.,,urasukanga,,
urubu,s.,,urubú,,
urucum,s.,,urukú,,
peneira,s.,,urupema,,
tipo de cesto,s.,,urusakanga,,
var. urusakanga,s.,,urusakã,,
var. yurutawí,s.,,urutawí,,
comedor,s.,,usara,,
"expressa o aumentativo: -ão, -ona; grande",suf.,,-usú,,
beber; tomar,v.,,ú,,
cozido,adj.,,uyí,,
cru,adj.,,uyiíma,,
var. uyiíma,adj.,,uyima,,
que,pron. relativo,,waá,,
var. abensuári,v.,,wabensuári,,
velha,s. / adj.,,waimĩ,,
beija-flor,s.,,wainambí,,
anciã,s.,,wái,,
tipo de macaco ou de peixe,s.,,wakarí,,
tipo de ave,s.,,wakurawá,,
nome de grupo étnico e de língua indígena,s.,,wanana,,
1. já; 2. expressa tempo passado ou aspecto perfectivo,part. perf.,,wana,,
var. wana,part. perf.,,wã,,
"assento, banco",s.,,wapiká,,
var. wapikawa,s.,,wapiká,,
sentar-se,v.,,wapika,,
assento,s.,,wapikawa,,
tipo de peixe,s.,,warakú,,
pé de guaraná,s.,,waraná-iwa,,
guaraná,s.,,waraná,,
var. kurasí,s.,,warasí,,
tipo de ave ou de árvore,s.,,wará,,
"o que está, o que é (de), o que está em, o habitante de, o natural de",suf.,,-wara,,
ariramba,s.,,warirambá,,
tipo de tamanduá,s.,,warirí,,
cair,v.,,wari,,
"faceiro, vaidoso",adj.,,warixí,,
espelho,s.,,waruá,,
açaí,s.,,wasaí,,
var. wasemu,v.,,wasema,,
"achar, encontrar (o que se procurava)",v.,,wasemu,,
"expressa o aumentativo: -ão, -ona, grande",suf.,,-wasú,,
faltar,v.,,watari,,
"andador, o que anda",s.,,watasara,,
lugar de caminhar,s.,,watasawa,,
"andar, caminhar",v.,,watá,,
passear; viajar,v.,,watá-watá,,
tipo de cesto,s.,,waturá,,
rato,s.,,wawirú,,
trincheira,s.,,wayoro,,
vomitar,v.,,weena,1.0,
vômito,s.,,weena,2.0,
var. weena,v.,,wena,1.0,
var. weena,n.,,wena,2.0,
"brilhar, luzir",s.,,werá,,
"luzeiro [uërá Aguiar, p. 67, 85]",s.,,werá,,
"expressa hábito, frequência",suf.,,-wera,,
brilhar,v.,,werá,,
nome de grupo étnico e de língua indígena,s.,,werekena,,
1. voar; 2. esvoaçar,v.,,wewé,,
entrar,v.,,wiké,,
passarinho,s.,,wirá-mirĩ,,
var. wirá-mirĩ,s.,,wiramirĩ,,
amanhã,adv. temp.,,wirandé,,
uirapajé,s.,,wirá-payé,,
planta do curare,s.,,wirarí-iwa,,
curare,s.,,wirarí,,
por baixo de,posp.,,wirarupí,,
"parte inferior, parte de baixo",s.,,wira,,
pássaro; ave,s.,,wirá,,
gavião,s.,,wirawasú,,
forma locativa de wira,s. loc.,,wirpe,,
forma locativa de wira,s. loc.,,wírupi,,
nadar,v.,,witá,,
vento,s.,,witú,,
vassalo,s.,,wiwa,,
descer,v.,,wiyé,,
onomatopeia imitativa do som de pancada,interj.,,xake,,
corda,s.,,xama,,
deixar,v.,,xari,,
var. ximirera,s.,"['remirera', 'xemirera']",xemirera,,
var. hist. se,pron. 2ª cl.,,xe,,
chibé (tipo de bebida),s.,,xibé,,
verme,s.,,xibuí,,
var. suí,posp.,,xií,,
var. sikantá,s.,,xikantá,,
resto,s.,"['rimirera', 'ximirera']",ximirera,,
costume,s.,"['rikú', 'sikú']",tikú,,
pouco,adv. intens.,,xinga,,
ver; exergar,v.,,xipiaka,,
var. de xipiaka,v.,,xipiá,,
cipó,s.,,xipú,,
murchar; secar,v.,,xirika,,
var. sirirí,v. / s.,,xirirí,,
calça,s.,,xirura,,
"aqui está, eis, olhe aqui",part. pres.,,xukúi,,
var. supé após i,posp.,,xupé,,
"exprime surpresa, alegria, dúvida etc.",interj.,,yá,,
jacaré,s.,,yakaré,,
repreender,v.,,yakáu,,
var. yakáu,v.,,yaká,,
var. yakáu,v.,,yakawa,,
verde,s. / adj.,,yakira,,
piloto,s.,,yakumaíwa,,
popa,s.,,yakumã,,
tipo de peixe,s.,,yakundá,,
tipo de coruja; tipo de lagarto,s.,,yakurutú,,
var. yakwáu,adj.,,yakwá,,
ignorante; sem juízo; tolo,adj.,,yakwaíma,,
var. yakwaíma,adj.,,yakwáima,,
esperto,adj.,,yakwáu,,
var. yakwáu,adj.,,yakwawa,,
tipo de cesto,s.,,yamaxí,,
espremer,v.,,yamĩ,,
correr,v.,,yana,,
"meio-dia, hora do almoço",s.,,yandara,,
1. nós; 2. nos (pron. obj.),pron.,,yandé,,
"1. nós; 2. nosso(-s, -a, -as)",pron. 2ª cl.,,yané,,
var. hist. yandé,pron.,,yané,,
var. hist. yané,pron. 2ª cl.,,yandé,,
"a nós, para nós",pron. dat.,,yandéu,,
andiroba,s.,,yandirawa,,
aranha,s.,,yandú,,
var. yandéu,pron. dat.,,yanéu,,
"yanomãmi, nome de grupo étnico e de língua do Amazonas",s.,,yanomami,,
"ouvir, escutar",v.,,yapisaka,,
atirar,v.,,yapí,,
var. yapixawa,v.,,yapixá,,
"ferir, machucar",v.,,yapixawa,,
morf. núm.-pess. de 1ª pess. pl.,pref.,,ya-,,
remar,v.,,yapukúi,,
mergulhar; afundar na água,v.,,yapumi,,
forno (de secar farinha),s.,,yapuna,,
nome de uma árvore e de seu fruto,s.,,yapurá,,
"dono, o que possui, senhor",s.,,yara,1.0,
"o que é de, o(s) de, a(s) de",posp.,,yara,2.0,
"encostar-se, juntar-se, aderir, fixar-se",v.,,yari,,
atravessar,v.,,yasá,,
1. lua; 2. mês,s.,,yasí,,
estrela,s.,,yasitatá,,
estrela-d'alva,s.,,yasitatawasú,,
"lavar-se, tomar banho",v.,,yasuka,,
"banhar-se, lavar-se (o mesmo que: yasuka) [...] (Avila 2021)",v.,,yuyasuka,,
batismo,s.,,yasukawa,,
fincar,v.,,yatiká,,
1. dependurar; 2. dependurado,v.,,yatikú,,
rodear,v.,,yatimana,,
trepado,adj.,,yatiri,,
"amontoar-se; reunir-se,",v.,,yatiri,,
jabuti,s.,,yautí,,
1) perigoso; 2) terrível,adj.,,yawaité,,
perigoso,adj.,,yawaité,,
cão ● yawara-kunhã - cadela,s.,,yawara,,
var. yawareté,s.,,yawaraté,,
onça,s.,,yawareté,,
javari (tipo de palmeira),s.,,yawarí,,
fugir,v.,,yawáu,,
var. yawáu,v.,,yawá,,
arraia,s.,,yawawira,,
assim ● yawé waá - assim (adv. conj.),adv. man.,,yawé,1.0,
como,posp.,,yawé,2.0,
cada,pron. quant.,,yawé,3.0,
por isso,adv. conj.,,yawerã,,
"abaixar-se, inclinar-se",v.,,yawika,,
inclinar-se ou abaixar-se repetidamente,v.,,yawiyawika,,
choro,s.,,yaxiusawa,,
chorar,v.,,yaxiú,,
deitar-se,v.,,yenú,,
deitar-se,v.,,yenũ,,
um (a),art. indef.,,yepé,1.0,
"embora, apesar de (desus.)",sconj.,,yepé,2.0,
"um(a); yepé yepé - um por um, um a um",num. card.,,yepé,3.0,
expressa o pret. imperfeito (desus.) ou aspecto frustrativo,part. frust.,,yepé,4.0,
"junto (os, as)",adj. / adv.,,yepeasú,,
lenha,s.,,yepeawa,,
cinco,num. card.,,yepé-pú,,
var. yepé-pú,num. card.,,yepepú,,
quinto,num. ord.,,yepé-pusawa,,
var. yepé-pusawa,num. ord.,,yepepusawa,,
imediatamente,adv. temp.,,yeperesé,,
primeiro,num. ord.,,yepesawa,,
1) junto; 2) igual,adj.,,yepewasú,,
um por um,adv. man.,,yepé-yepé,,
alguns,pron. quant.,,yepé-yepé,,
"1. virar-se, voltar-se; 2. virar, transformar-se em, tornar-se",v.,,yeréu,,
jerimum; tipo de abóbora,s.,,yerimũ,,
"mexer (em, com)",v.,,yuakí,,
enjoar-se,v.,,yuarú,1.0,
enjoo,s.,,yuarú,2.0,
"de novo, novamente",adv. temp.,,yuíri,1.0,
e,cconj.,,yuíri,2.0,
também,adv. gr.,,yuíri,3.0,
voltar,v. / aux. não-flex. / aux. flex. pós.,,yuíri,3.0,
rã,s.,,yuí,,
var. yuuka,v.,,yuka,1.0,
(estar ou tornar-se) podre,v. 2ª cl. / adj.,,yuka,2.0,
matador,s.,,yukasara,,
var. yukasawa,s.,,yukasá,,
assassinato,s.,,yukasawa,,
mexer-se (com o corpo),v.,,yukataka,,
matar,v.,,yuká,,
sal,s.,,yukira,,
crescer,v.,,yukiriari,,
suco,s.,,yukisé,,
esfregar-se; escorregar,v.,,yukitika,,
1. sexta-feira; 2. jejum,s.,,yukwakusawa,,
var. yukwakusawa,s.,,yukwakú,,
jejuar,v.,,yukwakú,,
aparecer,v.,,yukwáu,,
var. yukwáu,v.,,yukwá,,
var. yukwáu,v.,,yukwawa,,
olhar-se (refl.); olharem-se (recipr.),v.,,yumaã,,
abraçar,v.,,yumana,,
faminto,v. 2ª cl.,,yumasí,1.0,se
fome,s.,,yumasí,2.0,
ter fome,v.,,yumasí,3.0,
fome,s.,,yumasisawa,,
var. yumumbeú,v.,,yumbeú,,
aprender,v.,,yumbué,1.0,
rezar,v.,,yumbué,2.0,
aluno,s.,,yumbuesara,,
entregar-se; dar-se,v.,,yumeẽ,,
casar-se,v.,,yumendari,,
var. yumimisawa,s.,,yumimisá,,
ação ou resultado de esconder; segredo,s.,,yumimisawa,,
esconder-se,v.,,yumimi,,
var. yumupinima,v.,,yumpinima,,
var. yumupiranga,v.,,yumpiranga,,
esquentar-se,v.,,yumuakú,,
atrapalhar-se,v.,,yumuapatuka,,
emendar-se,v.,,yumuapiri,,
ajuntar-se,v.,,yumuatiri,,
"defender-se, proteger-se; salvar-se",v.,,yumukaturu,,
var. yumukaturu,v.,,yumukaturú,,
esmigalhar-se,v.,,yumukuruí,,
confessar-se; ser relatado [Avila2021]; yumumbeú katú/puxí ser bendito/maldito [Aguiar],v.,,yumumbeú,,
var. yumumbeú,v.,,yumumeú,,
misturar-se,v.,,yumunani,,
var. yumukaturu,v.,,yumungaturu,,
var. yumukaturu,v.,,yumungaturú,,
1. fazer-se; transformar-se em; 2. crescer; criar-se,v.,,yumunhã,,
ferir-se,v.,,yumuperewa,,
pintar-se,v.,,yumupinima,,
avermelhar-se,v.,,yumupiranga,,
aproximar-se,v.,,yumuruakí,,
marcar-se,v.,,yumusangawa,,
entristecer-se,v.,,yumusasiara,,
"adoçar-se, tornar-se doce",v.,,yumuseẽ,,
"gostar de, apreciar",v.,,yumusé,,
var. yumutĩ,v.,,yumutiĩ,,
envergonhar-se,v.,,yumutĩ,,
flechar,v.,,yumú,,
flechar,v.,,yumũ,,
flertar,v.,,yumuwarixí,,
"tornar-se tolo, fazer-se bobo",v.,,yumuyakwaíma,,
virar-se,v.,,yumuyeréu,,
apodrecer (intr.),v.,,yumuyuka,,
jupati (tipo de palmeira),s.,,yupatí,,
var. yupikasawa,s.,,yupikasá,,
vingança,s.,,yupikasawa,,
vingar-se,v.,,yupika,,
submergir,v.,,yupipika,,
escada,s.,,yupirisawa,,
subir,v.,,yupiri,,
"descascar-se, escamar-se",v.,,yupiruka,,
var. yupirungawa,s.,,yupirungá,,
"começo, início, origem",s.,,yupirungawa,,
começar,v.,,yupirú,,
salvar-se,v.,,yupisirú,,
amarrar-se,v.,,yupukwari,,
acostumar-se,v.,,yupukwáu,,
var. yupukwáu,v.,,yupukwá,,
var. yupukwáu,v.,,yupukwawa,,
deslocar-se,v.,,yupuruka,,
falar-se,v.,,yupurungitá,,
dormir com,v.,,yupusí,,
var. yuráu,v.,,yurá,1.0,
jirau,s.,,yurá,2.0,
tipo de tartaruga,s.,,yurará,,
"1) desamarrar, soltar; 2) libertar; 3) desmanchar",v.,,yuráu,,
var. yuráu,v.,,yurawa,,
"alimentar, dar de comer a, sustentar [...] (Avila 2021)",v.,,yupúi,,
"engordar, fazer engordar, cevar [...] (Avila 2021)",v.,,mukirá,,
tipo de lagarta,s.,,muxiwa,,
"vir (verbo irregular, 3ª pess.: uri)",v.,,yuri,,
"embarcar, entrar em embarcação (Avila 2021)",v.,,yuruári,,
1) diabo; indivíduo perverso; 2) pessoa esperta ou travessa,s.,,yuruparí,,
"1) Jurupari, nome de entidade sobrenatural que vive na floresta; 2) Diabo",s. próprio,,yuruparí,,
estado do Piauí,s. próprio,,piauí,,
boca-preta (tipo de macaco),s.,,yurupixuna,,
var. yururé,v.,,yururéu,,
pedir,v.,,yururé,,
boca,s.,,yurú,,
tipo de ave noturna,s.,,yurutawí,,
competir,v.,,yusaã,,
espalhar-se,v.,,yusãi,,
espinho,s.,,yú,,
"gostar, provar, saborear; querer comer",v.,,yusé,,
limpar,v.,,yusí,1.0,
"sedento, com sede",v. 2ª cl.,,yusí,2.0,se
"temer-se, ter medo (um do outro)",v.,,yusikié,,
var. yusikindawa,v.,,yusikindá,,
fechar-se; estar fechado,v.,,yusikindawa,,
arrastar-se,v.,,yusikí,,
discutir,v.,,yusuaxara,,
perder-se,v.,,yusupari,,
var. yutikasawa,s.,,yutikasá,,
derrubada (de mata),s.,,yutikasawa,,
derrubar,v.,,yutika,,
plantar,v.,,yutima,,
planta,s.,,yutima,,
1. tipo de pá; 2. tipo de bebida fermentada,s.,,tarubá,,
chocar-se,v.,,yutuká,,
"arrancar, tirar",v.,,yuuka,,
var. yú,s.,,yuú,,
braço,s.,,yuwá,,
desanimar,v.,,yuxari,,
encostar-se,v.,,yuyari,,
encontrar-se (com),v.,,yuyuantí,,
esconder-se,v.,,yuyumimi,,
vingar-se,v.,,yuyupika,,
enterrar-se; ser ou estar enterrado,v.,,yuyutima,,
